,ts_code,trade_date,open,high,low,close,pre_close,change,pct_chg,vol,amount
0,601318.SH,20190530,79.4,79.75,78.59,79.09,79.78,-0.69,-0.8649,488476.7,3863896.327
1,601318.SH,20190529,77.5,80.98,77.18,79.78,78.19,1.59,2.0335,968273.16,7677708.159
2,601318.SH,20190528,77.44,78.77,77.21,78.19,77.18,1.01,1.3086,893839.92,6978721.843
3,601318.SH,20190527,76.25,77.66,75.35,77.18,76.5,0.68,0.8889,589731.73,4515690.456
4,601318.SH,20190524,75.9,77.27,75.8,76.5,75.44,1.06,1.4051,512353.15,3923969.868
5,601318.SH,20190523,76.5,76.83,75.05,75.44,76.54,-1.1,-1.4372,645670.76,4884305.938
6,601318.SH,20190522,78.22,78.5,77.2,77.64,78.2,-0.56,-0.7161,516731.93,4013374.792
7,601318.SH,20190521,78.05,79.25,77.68,78.2,77.87,0.33,0.4238,630197.96,4945455.898
8,601318.SH,20190520,78.5,79.28,77.19,77.87,79.1,-1.23,-1.555,745003.9,5810214.619
9,601318.SH,20190517,81.06,81.2,78.98,79.1,80.97,-1.87,-2.3095,685802.02,5464921.484
10,601318.SH,20190516,80.82,81.53,80.0,80.97,80.54,0.43,0.5339,630831.36,5101228.351
11,601318.SH,20190515,78.95,81.37,78.9,80.54,78.3,2.24,2.8608,803300.24,6430783.48
12,601318.SH,20190514,77.96,79.4,77.85,78.3,78.65,-0.35,-0.445,782781.37,6165448.232
13,601318.SH,20190513,79.25,80.18,78.5,78.65,81.38,-2.73,-3.3546,842350.81,6668703.693
14,601318.SH,20190510,77.95,81.87,77.3,81.38,76.66,4.72,6.1571,1392098.28,11083158.281
15,601318.SH,20190509,78.26,78.26,76.11,76.66,78.78,-2.12,-2.691,1125721.86,8689046.105
16,601318.SH,20190508,78.73,80.55,78.38,78.78,81.17,-2.39,-2.9444,868375.72,6904377.645
17,601318.SH,20190507,81.78,82.28,79.89,81.17,81.2,-0.03,-0.0369,974951.29,7910860.379
18,601318.SH,20190506,82.8,83.6,79.66,81.2,86.1,-4.9,-5.6911,1808609.45,14725465.894
19,601318.SH,20190430,86.5,87.48,84.53,86.1,86.43,-0.33,-0.3818,917902.02,7894165.649
20,601318.SH,20190429,83.88,87.13,83.3,86.43,83.11,3.32,3.9947,946576.03,8097224.931
21,601318.SH,20190426,83.0,84.43,82.8,83.11,83.4,-0.29,-0.3477,648959.07,5424636.666
22,601318.SH,20190425,84.35,84.99,83.15,83.4,85.03,-1.63,-1.917,655769.28,5505578.22
23,601318.SH,20190424,86.08,86.88,83.55,85.03,86.06,-1.03,-1.1968,812851.89,6916666.438
24,601318.SH,20190423,84.75,87.38,84.5,86.06,84.96,1.1,1.2947,678116.37,5833032.636
25,601318.SH,20190422,87.22,88.09,84.5,84.96,87.0,-2.04,-2.3448,932115.2,8032960.471
26,601318.SH,20190419,85.27,87.0,84.2,87.0,84.3,2.7,3.2028,789131.96,6768190.588
27,601318.SH,20190418,84.69,85.02,83.88,84.3,84.48,-0.18,-0.2131,397287.04,3354513.849
28,601318.SH,20190417,84.92,85.35,83.8,84.48,85.01,-0.53,-0.6235,631915.6,5350101.242
29,601318.SH,20190416,81.22,85.13,80.9,85.01,81.66,3.35,4.1024,1036222.77,8642148.123
30,601318.SH,20190415,82.23,83.88,81.6,81.66,80.44,1.22,1.5167,989953.02,8203396.924
31,601318.SH,20190412,80.35,81.16,79.9,80.44,80.71,-0.27,-0.3345,526779.4,4235942.763
32,601318.SH,20190411,82.65,83.62,80.16,80.71,82.03,-1.32,-1.6092,756628.85,6180144.016
33,601318.SH,20190410,80.8,82.11,79.66,82.03,81.1,0.93,1.1467,783620.38,6347140.293
34,601318.SH,20190409,80.4,82.0,80.37,81.1,80.59,0.51,0.6328,601737.89,4887104.136
35,601318.SH,20190408,80.7,82.25,80.02,80.59,80.2,0.39,0.4863,916122.3,7448621.19
36,601318.SH,20190404,80.08,80.96,79.25,80.2,79.86,0.34,0.4257,795626.03,6378852.748
37,601318.SH,20190403,78.48,80.15,78.37,79.86,78.96,0.9,1.1398,760219.8,6045909.504
38,601318.SH,20190402,78.54,79.0,78.05,78.96,78.6,0.36,0.458,771175.4,6059549.068
39,601318.SH,20190401,78.0,79.23,77.5,78.6,77.1,1.5,1.9455,1168113.47,9182647.666
40,601318.SH,20190329,74.1,77.1,74.1,77.1,73.4,3.7,5.0409,1429355.26,10870048.907
41,601318.SH,20190328,73.4,73.94,72.88,73.4,74.22,-0.82,-1.1048,484208.75,3553347.624
42,601318.SH,20190327,73.2,74.63,72.7,74.22,72.69,1.53,2.1048,759817.76,5612313.473
43,601318.SH,20190326,72.99,73.23,72.15,72.69,72.29,0.4,0.5533,634474.72,4610495.784
44,601318.SH,20190325,73.41,73.99,72.18,72.29,74.72,-2.43,-3.2521,991052.4,7240888.365
45,601318.SH,20190322,75.76,76.26,74.06,74.72,75.8,-1.08,-1.4248,772004.28,5793145.97
46,601318.SH,20190321,77.0,77.25,75.6,75.8,76.55,-0.75,-0.9798,846258.78,6432258.633
47,601318.SH,20190320,75.06,77.48,74.75,76.55,75.35,1.2,1.5926,1078439.1,8223832.015
48,601318.SH,20190319,75.73,76.85,74.96,75.35,75.0,0.35,0.4667,1012096.56,7669753.047
49,601318.SH,20190318,74.43,75.34,73.45,75.0,73.85,1.15,1.5572,1156392.1,8622875.43
50,601318.SH,20190315,73.1,75.5,73.08,73.85,72.8,1.05,1.4423,1255246.38,9342867.722
51,601318.SH,20190314,71.77,73.2,71.7,72.8,71.54,1.26,1.7613,1055970.33,7670039.178
52,601318.SH,20190313,71.38,72.1,70.27,71.54,69.25,2.29,3.3069,1405464.08,10026174.511
53,601318.SH,20190312,69.6,70.92,68.96,69.25,68.79,0.46,0.6687,969219.01,6776280.865
54,601318.SH,20190311,68.8,69.69,68.22,68.79,68.7,0.09,0.131,751857.65,5173828.938
55,601318.SH,20190308,68.66,70.2,68.25,68.7,70.29,-1.59,-2.2621,913256.04,6295287.173
56,601318.SH,20190307,72.15,72.15,70.0,70.29,72.16,-1.87,-2.5915,1013473.08,7171432.249
57,601318.SH,20190306,72.39,72.48,71.11,72.16,72.07,0.09,0.1249,784653.61,5640683.407
58,601318.SH,20190305,72.48,72.74,71.57,72.07,72.58,-0.51,-0.7027,659680.35,4759711.07
59,601318.SH,20190304,73.0,75.1,72.21,72.58,72.39,0.19,0.2625,1263275.04,9279004.181
60,601318.SH,20190301,70.69,72.6,70.25,72.39,70.01,2.38,3.3995,920751.83,6586194.402
61,601318.SH,20190228,69.98,70.95,69.41,70.01,69.98,0.03,0.0429,598889.7,4212441.293
62,601318.SH,20190227,70.3,71.43,68.99,69.98,70.01,-0.03,-0.0429,1017663.58,7169557.279
63,601318.SH,20190226,71.71,72.6,69.92,70.01,73.0,-2.99,-4.0959,1555638.81,11039492.18
64,601318.SH,20190225,68.22,73.0,68.14,73.0,67.02,5.98,8.9227,2222382.4,15601216.19
65,601318.SH,20190222,65.36,67.07,64.8,67.02,65.39,1.63,2.4927,762218.88,5022163.621
66,601318.SH,20190221,65.8,66.68,65.09,65.39,65.88,-0.49,-0.7438,543694.01,3588406.874
67,601318.SH,20190220,66.3,66.38,65.19,65.88,65.68,0.2,0.3045,393508.82,2592496.357
68,601318.SH,20190219,65.58,67.27,65.28,65.68,65.29,0.39,0.5973,785951.46,5198252.133
69,601318.SH,20190218,63.9,65.42,63.78,65.29,63.25,2.04,3.2253,721361.06,4677674.823
70,601318.SH,20190215,64.8,65.01,63.22,63.25,65.1,-1.85,-2.8418,534011.48,3418044.695
71,601318.SH,20190214,64.88,65.4,64.78,65.1,65.02,0.08,0.123,396202.77,2577578.444
72,601318.SH,20190213,64.66,65.4,64.03,65.02,64.27,0.75,1.167,578658.13,3743367.744
73,601318.SH,20190212,64.4,64.42,63.69,64.27,64.39,-0.12,-0.1864,385193.06,2468628.211
74,601318.SH,20190211,62.88,64.51,62.88,64.39,63.21,1.18,1.8668,541815.51,3456061.479
75,601318.SH,20190201,63.5,63.78,62.85,63.21,62.98,0.23,0.3652,437924.7,2771783.993
76,601318.SH,20190131,61.8,63.19,61.55,62.98,61.25,1.73,2.8245,692265.32,4336690.723
77,601318.SH,20190130,60.88,61.86,60.78,61.25,61.65,-0.4,-0.6488,310003.23,1904411.131
78,601318.SH,20190129,61.38,61.9,60.98,61.65,61.52,0.13,0.2113,395192.94,2428493.652
79,601318.SH,20190128,61.8,62.41,61.2,61.52,61.29,0.23,0.3753,581648.84,3603129.774
80,601318.SH,20190125,60.5,61.78,60.43,61.29,60.43,0.86,1.4231,672459.11,4129885.331
81,601318.SH,20190124,59.61,60.52,59.22,60.43,59.49,0.94,1.5801,449406.18,2694967.118
82,601318.SH,20190123,59.82,60.4,59.45,59.49,60.07,-0.58,-0.9655,374932.63,2243882.42
83,601318.SH,20190122,60.6,60.64,59.74,60.07,60.79,-0.72,-1.1844,419507.61,2524729.521
84,601318.SH,20190121,59.93,61.11,59.85,60.79,59.92,0.87,1.4519,559842.77,3395168.935
85,601318.SH,20190118,59.23,60.02,58.69,59.92,58.73,1.19,2.0262,561756.65,3350801.454
86,601318.SH,20190117,59.05,59.8,58.56,58.73,58.74,-0.01,-0.017,535050.39,3168128.862
87,601318.SH,20190116,58.42,58.96,58.01,58.74,58.59,0.15,0.256,404111.83,2368178.488
88,601318.SH,20190115,57.26,58.69,57.06,58.59,57.12,1.47,2.5735,586264.87,3413728.308
89,601318.SH,20190114,57.74,57.95,56.9,57.12,58.07,-0.95,-1.636,475326.51,2723611.89
90,601318.SH,20190111,58.0,58.29,57.5,58.07,57.5,0.57,0.9913,457569.73,2650921.529
91,601318.SH,20190110,56.87,57.82,56.55,57.5,56.95,0.55,0.9658,673282.23,3858446.844
92,601318.SH,20190109,56.2,57.6,55.96,56.95,55.8,1.15,2.0609,819146.13,4673997.766
93,601318.SH,20190108,56.05,56.09,55.2,55.8,56.3,-0.5,-0.8881,559920.92,3116381.576
94,601318.SH,20190107,57.09,57.17,55.9,56.3,56.59,-0.29,-0.5125,765930.07,4326151.604
95,601318.SH,20190104,55.28,57.0,55.23,56.59,55.68,0.91,1.6343,1129855.85,6376773.583
96,601318.SH,20190103,55.15,56.33,55.06,55.68,55.18,0.5,0.9061,692711.24,3864646.451
97,601318.SH,20190102,56.04,56.18,54.94,55.18,56.1,-0.92,-1.6399,825542.43,4573024.812
98,601318.SH,20181228,57.0,57.23,56.1,56.1,56.9,-0.8,-1.406,914988.05,5177718.206
99,601318.SH,20181227,58.28,58.38,56.9,56.9,57.3,-0.4,-0.6981,751890.5,4329636.52
100,601318.SH,20181226,58.17,58.25,57.2,57.3,58.21,-0.91,-1.5633,397821.33,2293584.057
101,601318.SH,20181225,57.54,58.78,56.88,58.21,58.25,-0.04,-0.0687,664633.19,3837466.568
102,601318.SH,20181224,58.0,58.3,57.75,58.25,58.34,-0.09,-0.1543,358748.42,2084472.986
103,601318.SH,20181221,58.75,58.85,57.45,58.34,59.0,-0.66,-1.1186,739127.89,4287044.788
104,601318.SH,20181220,59.95,60.18,58.58,59.0,60.12,-1.12,-1.8629,806955.79,4779472.466
105,601318.SH,20181219,61.0,61.26,59.88,60.12,60.85,-0.73,-1.1997,515538.16,3118190.766
106,601318.SH,20181218,60.9,61.68,60.47,60.85,61.27,-0.42,-0.6855,532302.06,3244689.448
107,601318.SH,20181217,61.87,62.26,61.03,61.27,61.94,-0.67,-1.0817,712131.38,4372511.195
108,601318.SH,20181214,62.9,62.94,61.73,61.94,63.2,-1.26,-1.9937,750755.54,4664205.074
109,601318.SH,20181213,62.7,63.5,62.4,63.2,62.46,0.74,1.1848,782754.17,4938706.633
110,601318.SH,20181212,62.8,62.83,62.04,62.46,62.17,0.29,0.4665,387392.32,2415069.23
111,601318.SH,20181211,62.18,62.57,61.82,62.17,62.18,-0.01,-0.0161,419948.88,2605529.172
112,601318.SH,20181210,62.5,62.68,61.82,62.18,63.0,-0.82,-1.3016,494650.59,3075386.868
113,601318.SH,20181207,63.32,63.53,62.98,63.0,63.0,0.0,0.0,270297.17,1709048.611
114,601318.SH,20181206,63.66,63.88,62.89,63.0,64.25,-1.25,-1.9455,585865.13,3710782.048
115,601318.SH,20181205,64.05,64.6,63.98,64.25,64.89,-0.64,-0.9863,450207.12,2892938.998
116,601318.SH,20181204,64.95,65.08,64.16,64.89,64.99,-0.1,-0.1539,562473.14,3640115.194
117,601318.SH,20181203,65.2,66.05,64.77,64.99,63.49,1.5,2.3626,1121943.02,7325910.545
118,601318.SH,20181130,63.06,63.65,62.9,63.49,63.05,0.44,0.6979,349171.09,2212885.743
119,601318.SH,20181129,64.3,64.38,63.0,63.05,63.77,-0.72,-1.1291,386653.89,2460470.881
120,601318.SH,20181128,63.12,63.96,63.01,63.77,63.11,0.66,1.0458,411690.32,2616356.268
121,601318.SH,20181127,63.31,63.88,62.91,63.11,63.2,-0.09,-0.1424,375596.84,2377828.917
122,601318.SH,20181126,63.0,63.87,62.8,63.2,62.64,0.56,0.894,369989.07,2340406.531
123,601318.SH,20181123,63.15,63.59,62.52,62.64,63.14,-0.5,-0.7919,372335.17,2339115.029
124,601318.SH,20181122,64.18,64.2,62.82,63.14,64.01,-0.87,-1.3592,443683.53,2803339.519
125,601318.SH,20181121,63.53,64.14,63.53,64.01,64.1,-0.09,-0.1404,385249.31,2459066.015
126,601318.SH,20181120,65.0,65.44,63.91,64.1,65.72,-1.62,-2.465,591762.58,3810974.173
127,601318.SH,20181119,65.25,66.2,64.8,65.72,65.25,0.47,0.7203,507628.91,3324370.817
128,601318.SH,20181116,65.0,66.39,64.69,65.25,65.1,0.15,0.2304,619879.08,4063786.057
129,601318.SH,20181115,64.0,65.14,63.77,65.1,63.95,1.15,1.7983,500579.86,3231462.676
130,601318.SH,20181114,65.05,65.09,63.6,63.95,65.01,-1.06,-1.6305,573814.07,3680152.361
131,601318.SH,20181113,63.78,65.57,63.5,65.01,64.66,0.35,0.5413,520997.95,3362080.743
132,601318.SH,20181112,64.4,65.14,63.75,64.66,64.62,0.04,0.0619,458511.64,2956910.272
133,601318.SH,20181109,65.75,65.98,64.38,64.62,66.3,-1.68,-2.5339,544689.7,3544347.557
134,601318.SH,20181108,66.93,67.17,66.0,66.3,66.12,0.18,0.2722,504946.17,3364558.944
135,601318.SH,20181107,66.89,67.34,65.9,66.12,66.8,-0.68,-1.018,510658.43,3393066.441
136,601318.SH,20181106,66.2,66.8,65.8,66.8,66.58,0.22,0.3304,385081.85,2553280.683
137,601318.SH,20181105,66.5,67.05,65.7,66.58,67.35,-0.77,-1.1433,547131.86,3634382.539
138,601318.SH,20181102,66.92,67.35,65.55,67.35,64.3,3.05,4.7434,1173949.37,7821171.766
139,601318.SH,20181101,64.22,65.5,64.08,64.3,63.63,0.67,1.053,689871.09,4463737.106
140,601318.SH,20181031,63.01,63.95,62.16,63.63,62.8,0.83,1.3217,782835.25,4948893.033
141,601318.SH,20181030,60.0,64.63,59.5,62.8,62.0,0.8,1.2903,1269208.29,7969650.42
142,601318.SH,20181029,65.87,65.99,61.9,62.0,65.54,-3.54,-5.4013,1216419.42,7666491.234
143,601318.SH,20181026,66.3,66.77,64.38,65.54,66.66,-1.12,-1.6802,797411.04,5212551.961
144,601318.SH,20181025,64.2,66.66,64.2,66.66,66.25,0.41,0.6189,736202.53,4816111.122
145,601318.SH,20181024,65.78,67.85,65.56,66.25,65.51,0.74,1.1296,810632.05,5398315.014
146,601318.SH,20181023,68.0,68.32,64.88,65.51,67.93,-2.42,-3.5625,1172134.46,7814653.832
147,601318.SH,20181022,66.01,69.42,65.62,67.93,65.62,2.31,3.5203,1616881.74,10961620.26
148,601318.SH,20181019,61.99,66.1,61.88,65.62,62.45,3.17,5.0761,1138815.16,7314843.218
149,601318.SH,20181018,63.49,63.52,62.25,62.45,64.16,-1.71,-2.6652,603019.84,3788520.129
150,601318.SH,20181017,65.17,65.32,62.41,64.16,64.0,0.16,0.25,761401.92,4861851.849
151,601318.SH,20181016,63.35,65.18,63.33,64.0,63.2,0.8,1.2658,584034.99,3761333.74
152,601318.SH,20181015,63.9,64.44,63.09,63.2,63.87,-0.67,-1.049,539743.26,3437483.874
153,601318.SH,20181012,62.5,64.25,62.3,63.87,61.85,2.02,3.266,774616.71,4901391.148
154,601318.SH,20181011,62.1,63.2,61.38,61.85,64.65,-2.8,-4.331,1145327.45,7141404.125
155,601318.SH,20181010,65.09,65.58,64.2,64.65,65.0,-0.35,-0.5385,582799.02,3780647.727
156,601318.SH,20181009,64.63,65.38,64.33,65.0,64.78,0.22,0.3396,486319.08,3155728.031
157,601318.SH,20181008,66.8,66.84,64.71,64.78,68.5,-3.72,-5.4307,1128444.71,7402497.487
158,601318.SH,20180928,67.5,69.1,67.44,68.5,67.2,1.3,1.9345,739523.87,5052835.863
159,601318.SH,20180927,67.73,67.75,66.86,67.2,67.96,-0.76,-1.1183,623574.33,4190581.061
160,601318.SH,20180926,67.23,69.0,66.83,67.96,67.19,0.77,1.146,908525.51,6186718.195
161,601318.SH,20180925,66.9,67.73,66.48,67.19,67.49,-0.3,-0.4445,578103.89,3878568.209
162,601318.SH,20180921,65.28,67.5,64.97,67.49,64.8,2.69,4.1512,810431.09,5386807.332
163,601318.SH,20180920,65.2,65.56,64.61,64.8,65.15,-0.35,-0.5372,418923.78,2721332.741
164,601318.SH,20180919,64.09,65.8,63.81,65.15,64.12,1.03,1.6064,834705.07,5411874.454
165,601318.SH,20180918,62.15,64.3,62.1,64.12,62.51,1.61,2.5756,635569.33,4033820.471
166,601318.SH,20180917,62.3,63.18,62.25,62.51,63.3,-0.79,-1.248,269595.87,1686602.295
167,601318.SH,20180914,62.57,63.76,62.42,63.3,62.4,0.9,1.4423,558370.41,3529776.705
168,601318.SH,20180913,61.78,62.4,61.01,62.4,60.6,1.8,2.9703,538846.97,3328513.24
169,601318.SH,20180912,61.31,61.46,60.28,60.6,61.68,-1.08,-1.751,435460.28,2644081.431
170,601318.SH,20180911,62.0,62.58,61.25,61.68,62.03,-0.35,-0.5642,347070.57,2147831.325
171,601318.SH,20180910,62.6,62.87,61.6,62.03,62.78,-0.75,-1.1946,323390.01,2008532.822
172,601318.SH,20180907,61.88,63.5,61.6,62.78,61.32,1.46,2.381,494711.65,3105514.558
173,601318.SH,20180906,62.1,62.52,61.01,61.32,62.18,-0.86,-1.3831,457426.29,2827435.706
174,601318.SH,20180905,64.41,64.64,62.8,62.8,64.8,-2.0,-3.0864,507437.18,3235414.305
175,601318.SH,20180904,62.85,64.93,62.54,64.8,62.73,2.07,3.2999,658378.78,4208358.192
176,601318.SH,20180903,62.6,63.0,62.11,62.73,62.98,-0.25,-0.397,323790.59,2027395.425
177,601318.SH,20180831,62.4,63.43,62.2,62.98,63.16,-0.18,-0.285,521114.0,3273908.661
178,601318.SH,20180830,63.5,64.05,63.02,63.16,63.01,0.15,0.2381,458496.33,2916938.041
179,601318.SH,20180829,62.68,63.3,62.65,63.01,62.9,0.11,0.1749,278926.79,1757300.92
180,601318.SH,20180828,63.8,63.84,62.6,62.9,63.47,-0.57,-0.8981,424944.21,2683512.093
181,601318.SH,20180827,63.08,63.68,62.72,63.47,62.47,1.0,1.6008,585793.43,3706028.568
182,601318.SH,20180824,61.7,63.33,61.5,62.47,62.13,0.34,0.5472,572631.51,3574475.333
183,601318.SH,20180823,61.01,62.38,61.01,62.13,60.93,1.2,1.9695,756111.3,4682981.908
184,601318.SH,20180822,61.28,61.5,60.37,60.93,59.42,1.51,2.5412,1041857.14,6355540.682
185,601318.SH,20180821,57.86,59.65,57.86,59.42,57.81,1.61,2.785,636650.64,3768112.543
186,601318.SH,20180820,56.94,57.82,56.76,57.81,56.58,1.23,2.1739,462142.66,2653996.237
187,601318.SH,20180817,57.7,57.82,56.46,56.58,56.98,-0.4,-0.702,351360.05,2009697.401
188,601318.SH,20180816,56.38,57.95,55.88,56.98,57.03,-0.05,-0.0877,475074.98,2710351.662
189,601318.SH,20180815,59.03,59.05,56.67,57.03,59.05,-2.02,-3.4208,613747.92,3531927.672
190,601318.SH,20180814,59.56,59.72,58.58,59.05,59.55,-0.5,-0.8396,308740.67,1824184.784
191,601318.SH,20180813,59.8,59.85,58.66,59.55,60.44,-0.89,-1.4725,454649.48,2692879.775
192,601318.SH,20180810,60.56,60.96,59.83,60.44,60.62,-0.18,-0.2969,349041.51,2108590.693
193,601318.SH,20180809,58.38,60.99,58.18,60.62,58.38,2.24,3.8369,635433.07,3820214.646
194,601318.SH,20180808,59.55,59.7,58.19,58.38,59.56,-1.18,-1.9812,412109.11,2426952.929
195,601318.SH,20180807,58.11,59.6,57.96,59.56,57.83,1.73,2.9915,561861.21,3306492.624
196,601318.SH,20180806,57.81,58.86,57.36,57.83,57.82,0.01,0.0173,419785.66,2438442.832
197,601318.SH,20180803,58.43,58.76,57.78,57.82,58.26,-0.44,-0.7552,362083.3,2109021.439
198,601318.SH,20180802,59.41,59.49,57.8,58.26,59.7,-1.44,-2.4121,646804.28,3782255.927
199,601318.SH,20180801,61.8,62.41,59.62,59.7,61.6,-1.9,-3.0844,563434.32,3440050.571
200,601318.SH,20180731,61.6,61.89,60.82,61.6,61.56,0.04,0.065,260698.59,1600697.232
201,601318.SH,20180730,60.9,61.92,60.75,61.56,60.87,0.69,1.1336,376370.18,2303730.924
202,601318.SH,20180727,60.98,61.33,60.57,60.87,60.8,0.07,0.1151,334171.59,2037644.574
203,601318.SH,20180726,62.28,62.48,60.68,60.8,62.16,-1.36,-2.1879,482593.31,2960086.715
204,601318.SH,20180725,62.23,62.24,61.4,62.16,61.74,0.42,0.6803,409006.24,2529701.219
205,601318.SH,20180724,61.06,63.0,61.03,61.74,61.08,0.66,1.0806,836847.07,5207884.86
206,601318.SH,20180723,60.35,61.6,60.25,61.08,60.84,0.24,0.3945,804573.37,4898411.219
207,601318.SH,20180720,58.6,61.61,58.23,60.84,58.71,2.13,3.628,1069350.78,6433573.521
208,601318.SH,20180719,58.36,59.3,58.35,58.71,57.81,0.9,1.56,703699.03,4143173.505
209,601318.SH,20180718,58.28,59.11,57.75,57.81,58.02,-0.21,-0.36,464485.05,2717273.919
210,601318.SH,20180717,57.9,58.26,57.42,58.02,57.72,0.3,0.52,379943.02,2195501.138
211,601318.SH,20180716,58.3,58.78,57.38,57.72,58.54,-0.82,-1.4,431942.08,2494024.299
212,601318.SH,20180713,58.77,58.92,58.28,58.54,58.38,0.16,0.27,393785.46,2307228.865
213,601318.SH,20180712,57.24,58.89,57.24,58.38,57.09,1.29,2.26,647707.63,3777942.008
214,601318.SH,20180711,56.75,57.51,56.56,57.09,58.18,-1.09,-1.87,473781.85,2701645.194
215,601318.SH,20180710,59.0,59.05,57.55,58.18,58.88,-0.7,-1.19,555627.43,3233279.752
216,601318.SH,20180709,57.6,58.91,57.2,58.88,56.94,1.94,3.41,696043.04,4054246.964
217,601318.SH,20180706,55.98,57.65,55.54,56.94,55.53,1.41,2.54,824311.19,4674671.786
218,601318.SH,20180705,55.7,56.27,55.18,55.53,55.52,0.01,0.02,548434.32,3054478.672
219,601318.SH,20180704,56.23,56.88,55.37,55.52,56.34,-0.82,-1.46,519493.68,2909529.851
220,601318.SH,20180703,55.6,56.56,54.33,56.34,55.22,1.12,2.03,949167.01,5276896.813
221,601318.SH,20180702,58.28,58.28,54.65,55.22,58.58,-3.36,-5.74,900189.16,5082587.156
222,601318.SH,20180629,57.12,58.63,57.1,58.58,56.83,1.75,3.08,645112.04,3729377.8
223,601318.SH,20180628,57.11,57.95,56.53,56.83,57.5,-0.67,-1.17,735991.24,4196752.214
224,601318.SH,20180627,59.1,59.45,57.44,57.5,59.24,-1.74,-2.94,697084.1,4051818.403
225,601318.SH,20180626,59.1,59.61,57.8,59.24,59.79,-0.55,-0.92,717927.64,4222114.929
226,601318.SH,20180625,61.28,61.35,59.6,59.79,61.07,-1.28,-2.1,607496.72,3673033.33
227,601318.SH,20180622,60.6,61.5,60.6,61.07,61.09,-0.02,-0.03,465376.39,2837582.693
228,601318.SH,20180621,61.86,62.56,61.0,61.09,61.85,-0.76,-1.23,605493.96,3743256.874
229,601318.SH,20180620,61.9,62.54,60.78,61.85,62.09,-0.24,-0.39,743195.22,4589333.023
230,601318.SH,20180619,63.8,64.2,61.8,62.09,64.63,-2.54,-3.93,1278263.6,8087342.652
231,601318.SH,20180615,64.1,65.16,64.02,64.63,64.44,0.19,0.29,666582.72,4315505.697
232,601318.SH,20180614,63.58,65.35,63.45,64.44,63.75,0.69,1.08,798484.71,5164445.267
233,601318.SH,20180613,63.8,63.91,63.35,63.75,63.9,-0.15,-0.23,459053.26,2922589.416
234,601318.SH,20180612,63.2,64.25,62.82,63.9,63.03,0.87,1.38,763559.25,4866437.06
235,601318.SH,20180611,62.25,63.2,61.85,63.03,62.39,0.64,1.03,512803.13,3204236.377
236,601318.SH,20180608,62.97,63.24,61.95,62.39,63.24,-0.85,-1.34,579391.37,3617103.478
237,601318.SH,20180607,63.27,64.54,63.02,63.24,62.61,0.63,1.01,746266.79,4763077.383
238,601318.SH,20180606,64.43,64.45,63.71,63.81,64.58,-0.77,-1.19,490220.28,3140622.782
239,601318.SH,20180605,63.59,65.0,63.21,64.58,63.53,1.05,1.65,885172.55,5683935.967
240,601318.SH,20180604,62.1,63.71,61.9,63.53,61.64,1.89,3.07,858897.4,5418564.799
241,601318.SH,20180601,61.91,62.19,61.28,61.64,62.13,-0.49,-0.79,408007.64,2516195.954
242,601318.SH,20180531,61.11,62.18,60.71,62.13,60.65,1.48,2.44,665388.31,4096852.001
243,601318.SH,20180530,61.31,61.7,60.58,60.65,62.38,-1.73,-2.77,490836.64,2998177.225
244,601318.SH,20180529,62.32,62.66,61.3,62.38,62.5,-0.12,-0.19,636474.46,3944873.803
245,601318.SH,20180528,61.8,62.88,61.55,62.5,61.53,0.97,1.58,458948.75,2861428.758
246,601318.SH,20180525,61.38,62.18,61.34,61.53,61.22,0.31,0.51,353929.69,2183913.985
247,601318.SH,20180524,61.96,62.27,61.16,61.22,61.76,-0.54,-0.87,441513.27,2725820.768
248,601318.SH,20180523,62.95,62.95,61.67,61.76,63.01,-1.25,-1.98,569154.52,3531232.659
249,601318.SH,20180522,63.58,63.84,62.5,63.01,63.66,-0.65,-1.02,437692.14,2757950.408
250,601318.SH,20180521,63.55,64.15,63.27,63.66,63.04,0.62,0.98,705065.71,4492367.179
251,601318.SH,20180518,61.88,63.12,61.59,63.04,62.0,1.04,1.68,566253.26,3532704.058
252,601318.SH,20180517,63.09,63.19,61.94,62.0,62.81,-0.81,-1.29,477782.23,2981258.093
253,601318.SH,20180516,63.68,63.92,62.63,62.81,63.97,-1.16,-1.81,559514.39,3539081.154
254,601318.SH,20180515,64.5,64.59,63.4,63.97,64.1,-0.13,-0.2,529529.16,3376776.321
255,601318.SH,20180514,63.7,64.58,63.5,64.1,63.1,1.0,1.58,683709.16,4387898.493
256,601318.SH,20180511,63.58,63.66,62.81,63.1,63.18,-0.08,-0.13,452105.51,2859210.137
257,601318.SH,20180510,63.3,63.75,62.61,63.18,62.95,0.23,0.37,498178.32,3143778.292
258,601318.SH,20180509,63.1,63.4,62.52,62.95,63.08,-0.13,-0.21,484431.0,3048008.852
259,601318.SH,20180508,61.36,63.88,61.24,63.08,61.19,1.89,3.09,1174720.62,7388303.87
260,601318.SH,20180507,60.55,61.47,59.71,61.19,60.71,0.48,0.79,829447.83,5035372.512
261,601318.SH,20180504,61.33,61.64,60.64,60.71,61.44,-0.73,-1.19,441586.75,2694568.405
262,601318.SH,20180503,60.88,61.58,59.9,61.44,61.34,0.1,0.16,629125.38,3831120.277
263,601318.SH,20180502,61.36,61.79,60.75,61.34,60.89,0.45,0.74,708908.42,4341690.751
264,601318.SH,20180427,63.55,63.73,58.34,60.89,63.12,-2.23,-3.53,2602862.57,15747812.239
265,601318.SH,20180426,65.68,65.89,62.81,63.12,65.5,-2.38,-3.63,841553.82,5364614.954
266,601318.SH,20180425,66.04,66.46,65.31,65.5,66.56,-1.06,-1.59,477827.61,3141687.154
267,601318.SH,20180424,65.4,67.06,65.28,66.56,64.99,1.57,2.42,906954.07,6024928.823
268,601318.SH,20180423,64.15,65.16,63.78,64.99,64.15,0.84,1.31,544466.66,3516175.405
269,601318.SH,20180420,64.2,64.87,63.51,64.15,64.48,-0.33,-0.51,603340.73,3871514.93
270,601318.SH,20180419,63.9,64.95,63.66,64.48,63.51,0.97,1.53,726473.75,4680959.624
271,601318.SH,20180418,63.78,63.95,62.6,63.51,63.13,0.38,0.6,764845.49,4841197.668
272,601318.SH,20180417,64.44,64.86,62.83,63.13,64.3,-1.17,-1.82,831672.88,5312790.696
273,601318.SH,20180416,66.01,66.66,63.88,64.3,66.18,-1.88,-2.84,809639.57,5244687.54
274,601318.SH,20180413,67.43,67.45,66.05,66.18,66.72,-0.54,-0.81,466385.74,3114028.929
275,601318.SH,20180412,67.91,67.97,66.69,66.72,67.67,-0.95,-1.4,544502.5,3659539.916
276,601318.SH,20180411,68.3,68.57,67.48,67.67,68.25,-0.58,-0.85,720924.32,4894354.063
277,601318.SH,20180410,65.69,68.4,65.39,68.25,65.96,2.29,3.47,905139.72,6064986.129
278,601318.SH,20180409,64.99,65.99,64.05,65.96,64.55,1.41,2.18,716142.85,4679345.562
279,601318.SH,20180404,64.9,65.58,63.98,64.55,64.51,0.04,0.06,679989.53,4414551.485
280,601318.SH,20180403,63.95,64.95,63.84,64.51,64.66,-0.15,-0.23,604070.68,3885145.804
281,601318.SH,20180402,64.25,66.25,64.22,64.66,65.31,-0.65,-1.0,805559.09,5242356.77
